<?xml version="1.0" encoding="UTF-8" standalone="yes"?>
<addon id="repository.xxxecho" name="ECHO XXX Repository" version="2.00" provider-name="Echo Coder">
    <extension point="xbmc.addon.repository" name="Echo Coder XXX Repository">
        <dir>
            <info compressed="false">https://offshoregit.com/tvaresolvers/tva-common-repository/raw/master/addons.xml</info>
            <checksum>https://offshoregit.com/tvaresolvers/tva-common-repository/raw/master/addons.xml.md5</checksum>
            <datadir zip="true">https://offshoregit.com/tvaresolvers/tva-common-repository/raw/master/zips/</datadir>
        </dir>
        <dir>
            <info compressed="false">https://offshoregit.com/Shani-08/main/addons.xml</info>
            <checksum>https://offshoregit.com/Shani-08/main/addons.xml.md5</checksum>
            <datadir zip="true">https://offshoregit.com/Shani-08/main/zips</datadir>
        </dir>
        <info compressed="false">https://offshoregit.com/echocoder/xxx/addons.xml</info>
        <checksum>https://offshoregit.com/echocoder/xxx/addons.xml.md5</checksum>
        <datadir zip="true">https://offshoregit.com/echocoder/xxx/zips/</datadir>
    </extension>
    <extension point="xbmc.addon.metadata">
        <summary>The official Echo Coder XXX Repository.</summary>
        <description>Support available at https://www.tvaddons.ag</description>
        <disclaimer>None</disclaimer>
        <platform>all</platform>
    </extension>
</addon>