<?xml version="1.0" encoding="UTF-8" standalone="yes"?>
<addon id="plugin.video.xxx-o-dus" 
	     name="XXX-O-DUS" 
	     version="1.04" 
	     provider-name="Echo Coder">
  <requires>
    <import addon="xbmc.python" version="2.1.0"/>
    <import addon="script.module.urlresolver" version="3.0.26"/>
  </requires>
  <extension point="xbmc.python.pluginsource" library="default.py">
        <provides>video</provides>
  </extension>
  <extension point="xbmc.addon.metadata">
    <platform>all</platform>
    <summary lang="en">Twitter: @EchoCoder</summary>
    <description lang="en">[COLOR white]XXX-O-DUS scrapes many websites to bring you hundreds of thousands of videos. Features of the addon include, history monitoring, favourites, downloadable videos, parental controls and more![/COLOR]

[COLOR red]Websites Include: [/COLOR][COLOR pink]Porn.com, PornHD.com, Chaturbate.com, RedTube.com, Xhamster.com, YouPorn.com, PornFun.com, Motherless.com and XNXX.com[/COLOR]</description>
    <disclaimer lang="en">The pages of this addon are designed for ADULTS only and may include pictures and materials that some viewers may find offensive. If you are under the age of 18, if such material offends you or if it is illegal to view such material in your community please exit the addon.</disclaimer>
    <language></language>
    <platform>all</platform>
    <license>GNU GENERAL PUBLIC LICENSE. Version 2, June 1991</license>
    <website>http://www.echocoder.com/repo</website>
    <email>echocoder@protonmail.com</email>
  </extension>
</addon>