<?xml version="1.0" encoding="UTF-8" standalone="yes"?>
<addon id="repository.orion" name="Orion Repository" version="1.01" provider-name="Orion">
    <extension point="xbmc.addon.repository" name="Orion Repository">
    <dir>
        <info compressed="false">https://github.com/lewblack125/tva-common/raw/master/addons.xml</info>
        <checksum>https://github.com/lewblack125/tva-common/raw/master/addons.xml.md5</checksum>
        <datadir zip="true">https://github.com/lewblack125/tva-common/raw/master/zips/</datadir>
    </dir>
    <dir>
        <info compressed="false">https://github.com/m755sh45/The_Belt/raw/master/addons.xml</info>
        <checksum>https://github.com/m755sh45/The_Belt/raw/master/addons.xml.md5</checksum>
        <datadir zip="true">https://github.com/m755sh45/The_Belt/raw/master/zips/</datadir>
    </dir>
    </extension>
    <extension point="xbmc.addon.metadata">
        <summary>Unofficial Kodi Addons from Orion</summary>
        <description>Download and install unofficial Kodi add-ons from the Orion add-on repository.
                      
Kodi is a registered trademark of the XBMC Foundation. We are not connected to or in any other way affiliated with Kodi, Team Kodi, or the XBMC Foundation.</description>
        <disclaimer></disclaimer>
        <platform>all</platform>
        <forum></forum>
        <website></website>
    </extension>
</addon>