<?xml version="1.0" encoding="UTF-8" standalone="yes"?>
<addon id="repository.xxxecho" name="ECHO XXX Repository" version="1.02" provider-name="Echo Coder">
	<extension point="xbmc.addon.repository" name="Echo Coder XXX Repository">
		<info compressed="false">https://raw.githubusercontent.com/echocoderkodi/repository.xxxecho/master/addons.xml</info>
        <checksum>https://raw.githubusercontent.com/echocoderkodi/repository.xxxecho/master/addons.xml.md5</checksum>
        <datadir zip="true">https://raw.githubusercontent.com/echocoderkodi/repository.xxxecho/master/zips/</datadir>
	</extension>
	<extension point="xbmc.addon.metadata">
		<summary>The official Echo Coder XXX Repository.</summary>
		<description>Support available at Twitter: @EchoCoder</description>
		<platform>all</platform>
	</extension>
</addon>